{
  "com.ades.Location@673d0c2" : {
    "0.5101808236857913" : 0.822254247701529
  },
  "com.ades.Location@27af6948" : {
    "10.975068342825605" : 17.68842760201585
  },
  "com.ades.Location@36c351e4" : {
    "14.528776021605541" : 23.415909111132642
  },
  "com.ades.Location@6ec9a721" : {
    "8.773615065283977" : 14.140363416659701
  },
  "com.ades.Location@4cc0adf9" : {
    "9.218717916703456" : 14.857732030398765
  },
  "com.ades.Location@18b6242c" : {
    "9.11758186477916" : 14.694731885293876
  },
  "com.ades.Location@ae6b81a" : {
    "6.949345339683791" : 11.200202867324982
  },
  "com.ades.Location@5b1125" : {
    "10.13448615671702" : 16.333668189310647
  }
}