{
  "com.ades.Location@4d2c3f6e" : {
    "1.3985199796523198" : 2.2539831768996414
  },
  "com.ades.Location@6074d6f0" : {
    "15.070966233234493" : 24.289752626757732
  },
  "com.ades.Location@5c6abf42" : {
    "4.028674086410319" : 6.4929809713822415
  },
  "com.ades.Location@4972570b" : {
    "3.734487689953242" : 6.018843169895966
  },
  "com.ades.Location@179e80a7" : {
    "5.1596245985673805" : 8.315724632821945
  },
  "com.ades.Location@69edf513" : {
    "14.486578881017788" : 23.34790032585829
  },
  "com.ades.Location@4c0f4750" : {
    "3.4767213589741512" : 5.603403289128259
  }
}