{
  "com.ades.Location@673d0c2" : {
    "3.734487689953242" : 6.018843169895966
  },
  "com.ades.Location@27af6948" : {
    "15.070966233234493" : 24.289752626757732
  },
  "com.ades.Location@6ec9a721" : {
    "14.486578881017788" : 23.34790032585829
  },
  "com.ades.Location@4cc0adf9" : {
    "4.028674086410319" : 6.4929809713822415
  },
  "com.ades.Location@18b6242c" : {
    "3.4767213589741512" : 5.603403289128259
  },
  "com.ades.Location@ae6b81a" : {
    "1.3985199796523198" : 2.2539831768996414
  },
  "com.ades.Location@5b1125" : {
    "5.1596245985673805" : 8.315724632821945
  }
}